{"loss": 49582.87109375, "_timestamp": 1683264431.5132647, "_runtime": 15.251138687133789, "_step": 1, "_wandb": {"runtime": 17}}