{"loss": 19519.74609375, "_timestamp": 1683263825.3357923, "_runtime": 90.02328324317932, "_step": 12, "_wandb": {"runtime": 93}}