{"loss": 13904.6806640625, "_timestamp": 1683263658.7226958, "_runtime": 185.44320583343506, "_step": 26, "_wandb": {"runtime": 191}}