{"loss": 59217.0, "_timestamp": 1683264298.5223088, "_runtime": 8.386372804641724, "_step": 0, "_wandb": {"runtime": 11}}