{"loss": 60931.30078125, "_timestamp": 1683271716.7031863, "_runtime": 9.077513217926025, "_step": 0, "_wandb": {"runtime": 14}}