{"loss": 36699.9453125, "_timestamp": 1683264635.228352, "_runtime": 38.20172595977783, "_step": 5, "_wandb": {"runtime": 41}}