{"loss": 11185.0859375, "_timestamp": 1683260892.7343087, "_runtime": 6021.121951818466, "_step": 999, "_wandb": {"runtime": 6026}}