{"loss": 28745.0625, "_timestamp": 1683260386.9932702, "_runtime": 98.86313915252686, "_step": 15, "_wandb": {"runtime": 104}}