{"loss": 49826.59765625, "_timestamp": 1683263402.1898277, "_runtime": 14.945657730102539, "_step": 1, "_wandb": {"runtime": 18}}