{"loss": 61402.6015625, "_timestamp": 1683264557.3768194, "_runtime": 8.179816484451294, "_step": 0, "_wandb": {"runtime": 12}}