{"loss": 49929.640625, "_timestamp": 1683263452.1823487, "_runtime": 21.686494827270508, "_step": 2, "_wandb": {"runtime": 26}}