{"loss": 60826.46875, "_timestamp": 1683269060.1004283, "_runtime": 8.989643335342407, "_step": 0, "_wandb": {"runtime": 18}}